{"cameraMode":{"drawMode":0,"name":"Shaded","section":"Shading Mode"},"sceneLighting":false,"audioPlay":false,"sceneViewState":{"showFog":true,"showMaterialUpdate":false,"showSkybox":false,"showFlares":true,"showImageEffects":true,"showParticleSystems":true},"in2DMode":false,"pivot":{"x":-1.7881393432617188e-7,"y":0.8500852584838867,"z":0.021572113037109376},"rotation":{"x":-0.43252378702163699,"y":0.008652531541883946,"z":-0.00415109284222126,"w":-0.90157151222229},"size":10.838802337646485,"orthographic":false}