{"cameraMode":{"drawMode":0,"name":"Shaded","section":"Shading Mode"},"sceneLighting":true,"audioPlay":false,"sceneViewState":{"showFog":true,"showMaterialUpdate":false,"showSkybox":true,"showFlares":true,"showImageEffects":true,"showParticleSystems":true},"in2DMode":false,"pivot":{"x":-16.072040557861329,"y":-12.22254753112793,"z":546.072265625},"rotation":{"x":0.015309484675526619,"y":-0.01468714326620102,"z":0.000225033174501732,"w":0.9997749328613281},"size":578.2918701171875,"orthographic":false}