{"cameraMode":{"drawMode":0,"name":"Shaded","section":"Shading Mode"},"sceneLighting":true,"audioPlay":false,"sceneViewState":{"showFog":true,"showMaterialUpdate":false,"showSkybox":true,"showFlares":true,"showImageEffects":true,"showParticleSystems":true},"in2DMode":false,"pivot":{"x":-0.6523275375366211,"y":-0.06111407279968262,"z":0.526764988899231},"rotation":{"x":-0.12104211747646332,"y":0.752000093460083,"z":-0.1440863162279129,"w":-0.631730854511261},"size":4.047729015350342,"orthographic":false}