{"cameraMode":{"drawMode":0,"name":"Shaded","section":"Shading Mode"},"sceneLighting":true,"audioPlay":false,"sceneViewState":{"showFog":true,"showMaterialUpdate":false,"showSkybox":true,"showFlares":true,"showImageEffects":true,"showParticleSystems":true},"in2DMode":false,"pivot":{"x":384.2259216308594,"y":415.96868896484377,"z":-910.60302734375},"rotation":{"x":-0.1021263524889946,"y":-0.009852160699665547,"z":0.0010114841861650348,"w":-0.9947221279144287},"size":33.584964752197269,"orthographic":false}